{"settings":{"attr":0},"description":"合成 1","config_v":3,"version":"3.3.1.beta","uuid":"8a29c8d9-929a-45bf-b958-193f22884971","size":[720,1280],"duration":240,"fps":30,"type":1,"tags":[],"minimal_core_version":"3.0.0","exporter_version":"3.1.5.release","ae_version":"17.5.1x47","os_version":"Windows 10 (10.0)","main":"2","ui_version":"2.0","comps":[{"name":"2","id":2,"duration":240,"fps":30,"size":[720,1280],"bg":"#ff000000","layers":[{"a":385,"i":3,"ui_key":"","ui_extra":"","s":"ak44","l":0,"f":7,"p":-1,"e":1.0,"t":[2,0,0],"r":[0.0,0.0,8.0],"ss":{"n":"","m":"ADBE AV Layer","i":3,"d":0,"f":1,"g":1,"gs":[{"n":"标记","m":"ADBE Marker","i":0,"d":1,"f":1,"g":0,"t":8,"s":false,"lp":false,"fp":false,"v":{"c":"","d":0.0,"t":0.0}},{"n":"时间重映射","m":"ADBE Time Remapping","i":1,"d":1,"f":3,"g":0,"t":5,"s":false,"lp":false,"fp":false,"v":0.0},{"n":"变换","m":"ADBE Transform Group","i":5,"d":1,"f":65539,"g":1,"gs":[{"n":"锚点","m":"ADBE Anchor Point","i":0,"d":2,"f":1,"g":0,"t":1,"s":false,"lp":false,"fp":false,"v":[0.5,0.5,0.0]},{"n":"位置","m":"ADBE Position","i":1,"d":2,"f":1,"g":0,"t":1,"s":false,"lp":true,"fp":false,"v":[360.0,640.0,0.0]},{"n":"缩放","m":"ADBE Scale","i":5,"d":2,"f":1,"g":0,"t":2,"s":false,"lp":false,"fp":false,"v":[100.0,100.0,100.0]},{"n":"旋转","m":"ADBE Rotate Z","i":9,"d":2,"f":1,"g":0,"t":5,"s":false,"lp":false,"fp":false,"v":0.0},{"n":"不透明度","m":"ADBE Opacity","i":10,"d":2,"f":1,"g":0,"t":5,"s":false,"lp":false,"fp":false,"v":100.0}]},{"n":"音频","m":"ADBE Audio Group","i":10,"d":1,"f":1,"g":1,"gs":[{"n":"音频电平","m":"ADBE Audio Levels","i":0,"d":2,"f":1,"g":0,"t":4,"s":false,"lp":false,"fp":false,"v":[0.0,0.0]}]}]}},{"a":19,"i":2,"ui_key":"","ui_extra":"","s":"ak43","l":0,"f":7,"p":-1,"e":1.0,"t":[2,0,0],"r":[0.0,0.0,8.0],"ss":{"n":"","m":"ADBE AV Layer","i":2,"d":0,"f":1,"g":1,"gs":[{"n":"标记","m":"ADBE Marker","i":0,"d":1,"f":1,"g":0,"t":8,"s":false,"lp":false,"fp":false,"v":{"c":"","d":0.0,"t":0.0}},{"n":"时间重映射","m":"ADBE Time Remapping","i":1,"d":1,"f":3,"g":0,"t":5,"s":false,"lp":false,"fp":false,"v":0.0},{"n":"变换","m":"ADBE Transform Group","i":5,"d":1,"f":65537,"g":1,"gs":[{"n":"锚点","m":"ADBE Anchor Point","i":0,"d":2,"f":1,"g":0,"t":1,"s":false,"lp":false,"fp":false,"v":[360.0,640.0,0.0]},{"n":"位置","m":"ADBE Position","i":1,"d":2,"f":1,"g":0,"t":1,"s":false,"lp":true,"fp":false,"v":[360.0,640.0,0.0]},{"n":"缩放","m":"ADBE Scale","i":5,"d":2,"f":1,"g":0,"t":2,"s":false,"lp":false,"fp":false,"v":[100.0,100.0,100.0]},{"n":"旋转","m":"ADBE Rotate Z","i":9,"d":2,"f":1,"g":0,"t":5,"s":false,"lp":false,"fp":false,"v":0.0},{"n":"不透明度","m":"ADBE Opacity","i":10,"d":2,"f":1,"g":0,"t":5,"s":false,"lp":false,"fp":false,"v":100.0}]},{"n":"音频","m":"ADBE Audio Group","i":10,"d":1,"f":3,"g":1,"gs":[{"n":"音频电平","m":"ADBE Audio Levels","i":0,"d":2,"f":1,"g":0,"t":4,"s":false,"lp":false,"fp":false,"v":[0.0,0.0]}]}]}},{"a":343,"i":1,"ui_key":"","ui_extra":"","s":"ak5","l":0,"f":7,"p":-1,"e":1.0,"t":[2,0,0],"r":[0.0,0.0,8.0],"ss":{"n":"","m":"ADBE AV Layer","i":1,"d":0,"f":1,"g":1,"gs":[{"n":"标记","m":"ADBE Marker","i":0,"d":1,"f":1,"g":0,"t":8,"s":false,"lp":false,"fp":false,"v":{"c":"","d":0.0,"t":0.0}},{"n":"时间重映射","m":"ADBE Time Remapping","i":1,"d":1,"f":3,"g":0,"t":5,"s":false,"lp":false,"fp":false,"v":0.0},{"n":"变换","m":"ADBE Transform Group","i":5,"d":1,"f":65537,"g":1,"gs":[{"n":"锚点","m":"ADBE Anchor Point","i":0,"d":2,"f":1,"g":0,"t":1,"s":false,"lp":false,"fp":false,"v":[360.0,640.0,0.0]},{"n":"位置","m":"ADBE Position","i":1,"d":2,"f":1,"g":0,"t":1,"s":false,"lp":true,"fp":false,"v":[360.0,640.0,0.0]},{"n":"缩放","m":"ADBE Scale","i":5,"d":2,"f":1,"g":0,"t":2,"s":false,"lp":false,"fp":false,"v":[100.0,100.0,100.0]},{"n":"旋转","m":"ADBE Rotate Z","i":9,"d":2,"f":1,"g":0,"t":5,"s":false,"lp":false,"fp":false,"v":0.0},{"n":"不透明度","m":"ADBE Opacity","i":10,"d":2,"f":1,"g":0,"t":5,"s":false,"lp":false,"fp":false,"v":100.0}]},{"n":"音频","m":"ADBE Audio Group","i":10,"d":1,"f":3,"g":1,"gs":[{"n":"音频电平","m":"ADBE Audio Levels","i":0,"d":2,"f":1,"g":0,"t":4,"s":false,"lp":false,"fp":false,"v":[0.0,0.0]}]}]}},{"a":403,"i":0,"ui_key":"","ui_extra":"","s":"ak0","l":0,"f":135,"p":-1,"e":1.0,"t":[2,0,0],"r":[0.1,0.1,8.0],"ss":{"n":"","m":"ADBE AV Layer","i":0,"d":0,"f":1,"g":1,"gs":[{"n":"标记","m":"ADBE Marker","i":0,"d":1,"f":1,"g":0,"t":8,"s":false,"lp":false,"fp":false,"v":{"c":"","d":0.0,"t":0.0}},{"n":"时间重映射","m":"ADBE Time Remapping","i":1,"d":1,"f":3,"g":0,"t":5,"s":false,"lp":false,"fp":false,"v":0.0},{"n":"变换","m":"ADBE Transform Group","i":5,"d":1,"f":65537,"g":1,"gs":[{"n":"锚点","m":"ADBE Anchor Point","i":0,"d":2,"f":1,"g":0,"t":1,"s":false,"lp":false,"fp":false,"v":[360.0,640.0,0.0]},{"n":"位置","m":"ADBE Position","i":1,"d":2,"f":1,"g":0,"t":1,"s":false,"lp":true,"fp":false,"v":[360.0,640.0,0.0]},{"n":"缩放","m":"ADBE Scale","i":5,"d":2,"f":1,"g":0,"t":2,"s":false,"lp":false,"fp":false,"v":[100.0,100.0,100.0]},{"n":"旋转","m":"ADBE Rotate Z","i":9,"d":2,"f":1,"g":0,"t":5,"s":false,"lp":false,"fp":false,"v":0.0},{"n":"不透明度","m":"ADBE Opacity","i":10,"d":2,"f":1,"g":0,"t":5,"s":false,"lp":false,"fp":false,"v":100.0}]},{"n":"音频","m":"ADBE Audio Group","i":10,"d":1,"f":3,"g":1,"gs":[{"n":"音频电平","m":"ADBE Audio Levels","i":0,"d":2,"f":1,"g":0,"t":4,"s":false,"lp":false,"fp":false,"v":[0.0,0.0]}]}]}}]},{"name":"322","id":322,"duration":240,"fps":30,"size":[720,1280],"bg":"#ffffffff","layers":[{"a":353,"i":16,"ui_key":"","ui_extra":"","s":"ak41","l":0,"f":7,"p":-1,"e":1.0,"t":[2,0,3],"r":[0.0,0.0,8.0],"ss":{"n":"","m":"ADBE AV Layer","i":16,"d":0,"f":1,"g":1,"gs":[{"n":"标记","m":"ADBE Marker","i":0,"d":1,"f":1,"g":0,"t":8,"s":false,"lp":false,"fp":false,"v":{"c":"","d":0.0,"t":0.0}},{"n":"时间重映射","m":"ADBE Time Remapping","i":1,"d":1,"f":3,"g":0,"t":5,"s":false,"lp":false,"fp":false,"v":0.0},{"n":"变换","m":"ADBE Transform Group","i":5,"d":1,"f":65537,"g":1,"gs":[{"n":"锚点","m":"ADBE Anchor Point","i":0,"d":2,"f":1,"g":0,"t":1,"s":false,"lp":false,"fp":false,"v":[539.5,360.0,0.0]},{"n":"位置","m":"ADBE Position","i":1,"d":2,"f":1,"g":0,"t":1,"s":false,"lp":true,"fp":false,"v":[360.0,176.0,0.0]},{"n":"缩放","m":"ADBE Scale","i":5,"d":2,"f":1,"g":0,"t":2,"s":false,"lp":false,"fp":false,"v":[76.645,76.645,100.0]},{"n":"旋转","m":"ADBE Rotate Z","i":9,"d":2,"f":1,"g":0,"t":5,"s":false,"lp":false,"fp":false,"v":0.0},{"n":"不透明度","m":"ADBE Opacity","i":10,"d":2,"f":1,"g":0,"t":5,"s":false,"lp":false,"fp":false,"v":100.0}]},{"n":"音频","m":"ADBE Audio Group","i":10,"d":1,"f":3,"g":1,"gs":[{"n":"音频电平","m":"ADBE Audio Levels","i":0,"d":2,"f":1,"g":0,"t":4,"s":false,"lp":false,"fp":false,"v":[0.0,0.0]}]}]}},{"a":634,"i":15,"ui_key":"","ui_extra":"","s":"ak39","l":0,"f":6,"p":-1,"e":1.0,"t":[2,0,0],"r":[0.0,0.0,8.0],"ss":{"n":"","m":"ADBE AV Layer","i":15,"d":0,"f":1,"g":1,"gs":[{"n":"标记","m":"ADBE Marker","i":0,"d":1,"f":1,"g":0,"t":8,"s":false,"lp":false,"fp":false,"v":{"c":"","d":0.0,"t":0.0}},{"n":"时间重映射","m":"ADBE Time Remapping","i":1,"d":1,"f":3,"g":0,"t":5,"s":false,"lp":false,"fp":false,"v":0.0},{"n":"变换","m":"ADBE Transform Group","i":5,"d":1,"f":65537,"g":1,"gs":[{"n":"锚点","m":"ADBE Anchor Point","i":0,"d":2,"f":1,"g":0,"t":1,"s":false,"lp":false,"fp":false,"v":[360.0,640.0,0.0]},{"n":"位置","m":"ADBE Position","i":1,"d":2,"f":1,"g":0,"t":1,"s":false,"lp":true,"fp":false,"v":[360.0,640.0,0.0]},{"n":"缩放","m":"ADBE Scale","i":5,"d":2,"f":1,"g":0,"t":2,"s":false,"lp":false,"fp":false,"v":[100.0,100.0,100.0]},{"n":"旋转","m":"ADBE Rotate Z","i":9,"d":2,"f":1,"g":0,"t":5,"s":false,"lp":false,"fp":false,"v":0.0},{"n":"不透明度","m":"ADBE Opacity","i":10,"d":2,"f":1,"g":0,"t":5,"s":false,"lp":false,"fp":false,"v":100.0}]},{"n":"音频","m":"ADBE Audio Group","i":10,"d":1,"f":3,"g":1,"gs":[{"n":"音频电平","m":"ADBE Audio Levels","i":0,"d":2,"f":1,"g":0,"t":4,"s":false,"lp":false,"fp":false,"v":[0.0,0.0]}]}]}},{"a":355,"i":14,"ui_key":"","ui_extra":"","s":"ak37","l":0,"f":7,"p":-1,"e":1.0,"t":[2,0,3],"r":[0.0,0.0,8.0],"ss":{"n":"","m":"ADBE AV Layer","i":14,"d":0,"f":1,"g":1,"gs":[{"n":"标记","m":"ADBE Marker","i":0,"d":1,"f":1,"g":0,"t":8,"s":false,"lp":false,"fp":false,"v":{"c":"","d":0.0,"t":0.0}},{"n":"时间重映射","m":"ADBE Time Remapping","i":1,"d":1,"f":3,"g":0,"t":5,"s":false,"lp":false,"fp":false,"v":0.0},{"n":"变换","m":"ADBE Transform Group","i":5,"d":1,"f":65537,"g":1,"gs":[{"n":"锚点","m":"ADBE Anchor Point","i":0,"d":2,"f":1,"g":0,"t":1,"s":false,"lp":false,"fp":false,"v":[739.0,492.0,0.0]},{"n":"位置","m":"ADBE Position","i":1,"d":2,"f":1,"g":0,"t":1,"s":false,"lp":true,"fp":false,"v":[584.0,396.0,0.0]},{"n":"缩放","m":"ADBE Scale","i":5,"d":2,"f":1,"g":0,"t":2,"s":false,"lp":false,"fp":false,"v":[24.492,24.492,100.0]},{"n":"旋转","m":"ADBE Rotate Z","i":9,"d":2,"f":1,"g":0,"t":5,"s":false,"lp":false,"fp":false,"v":0.0},{"n":"不透明度","m":"ADBE Opacity","i":10,"d":2,"f":1,"g":0,"t":5,"s":false,"lp":false,"fp":false,"v":100.0}]},{"n":"音频","m":"ADBE Audio Group","i":10,"d":1,"f":3,"g":1,"gs":[{"n":"音频电平","m":"ADBE Audio Levels","i":0,"d":2,"f":1,"g":0,"t":4,"s":false,"lp":false,"fp":false,"v":[0.0,0.0]}]}]}},{"a":603,"i":13,"ui_key":"","ui_extra":"","s":"ak35","l":0,"f":6,"p":-1,"e":1.0,"t":[2,0,0],"r":[0.0,0.0,8.0],"ss":{"n":"","m":"ADBE AV Layer","i":13,"d":0,"f":1,"g":1,"gs":[{"n":"标记","m":"ADBE Marker","i":0,"d":1,"f":1,"g":0,"t":8,"s":false,"lp":false,"fp":false,"v":{"c":"","d":0.0,"t":0.0}},{"n":"时间重映射","m":"ADBE Time Remapping","i":1,"d":1,"f":3,"g":0,"t":5,"s":false,"lp":false,"fp":false,"v":0.0},{"n":"变换","m":"ADBE Transform Group","i":5,"d":1,"f":65537,"g":1,"gs":[{"n":"锚点","m":"ADBE Anchor Point","i":0,"d":2,"f":1,"g":0,"t":1,"s":false,"lp":false,"fp":false,"v":[360.0,640.0,0.0]},{"n":"位置","m":"ADBE Position","i":1,"d":2,"f":1,"g":0,"t":1,"s":false,"lp":true,"fp":false,"v":[360.0,640.0,0.0]},{"n":"缩放","m":"ADBE Scale","i":5,"d":2,"f":1,"g":0,"t":2,"s":false,"lp":false,"fp":false,"v":[100.0,100.0,100.0]},{"n":"旋转","m":"ADBE Rotate Z","i":9,"d":2,"f":1,"g":0,"t":5,"s":false,"lp":false,"fp":false,"v":0.0},{"n":"不透明度","m":"ADBE Opacity","i":10,"d":2,"f":1,"g":0,"t":5,"s":false,"lp":false,"fp":false,"v":100.0}]},{"n":"音频","m":"ADBE Audio Group","i":10,"d":1,"f":3,"g":1,"gs":[{"n":"音频电平","m":"ADBE Audio Levels","i":0,"d":2,"f":1,"g":0,"t":4,"s":false,"lp":false,"fp":false,"v":[0.0,0.0]}]}]}},{"a":351,"i":12,"ui_key":"","ui_extra":"","s":"ak33","l":0,"f":7,"p":-1,"e":1.0,"t":[2,0,3],"r":[0.0,0.0,8.0],"ss":{"n":"","m":"ADBE AV Layer","i":12,"d":0,"f":1,"g":1,"gs":[{"n":"标记","m":"ADBE Marker","i":0,"d":1,"f":1,"g":0,"t":8,"s":false,"lp":false,"fp":false,"v":{"c":"","d":0.0,"t":0.0}},{"n":"时间重映射","m":"ADBE Time Remapping","i":1,"d":1,"f":3,"g":0,"t":5,"s":false,"lp":false,"fp":false,"v":0.0},{"n":"变换","m":"ADBE Transform Group","i":5,"d":1,"f":65537,"g":1,"gs":[{"n":"锚点","m":"ADBE Anchor Point","i":0,"d":2,"f":1,"g":0,"t":1,"s":false,"lp":false,"fp":false,"v":[185.5,162.0,0.0]},{"n":"位置","m":"ADBE Position","i":1,"d":2,"f":1,"g":0,"t":1,"s":false,"lp":true,"fp":false,"v":[61.0,597.0,0.0]},{"n":"缩放","m":"ADBE Scale","i":5,"d":2,"f":1,"g":0,"t":2,"s":false,"lp":false,"fp":false,"v":[34.037,34.037,100.0]},{"n":"旋转","m":"ADBE Rotate Z","i":9,"d":2,"f":1,"g":0,"t":5,"s":false,"lp":false,"fp":false,"v":0.0},{"n":"不透明度","m":"ADBE Opacity","i":10,"d":2,"f":1,"g":0,"t":5,"s":false,"lp":false,"fp":false,"v":100.0}]},{"n":"音频","m":"ADBE Audio Group","i":10,"d":1,"f":3,"g":1,"gs":[{"n":"音频电平","m":"ADBE Audio Levels","i":0,"d":2,"f":1,"g":0,"t":4,"s":false,"lp":false,"fp":false,"v":[0.0,0.0]}]}]}},{"a":572,"i":11,"ui_key":"","ui_extra":"","s":"ak31","l":0,"f":6,"p":-1,"e":1.0,"t":[2,0,0],"r":[0.0,0.0,8.0],"ss":{"n":"","m":"ADBE AV Layer","i":11,"d":0,"f":1,"g":1,"gs":[{"n":"标记","m":"ADBE Marker","i":0,"d":1,"f":1,"g":0,"t":8,"s":false,"lp":false,"fp":false,"v":{"c":"","d":0.0,"t":0.0}},{"n":"时间重映射","m":"ADBE Time Remapping","i":1,"d":1,"f":3,"g":0,"t":5,"s":false,"lp":false,"fp":false,"v":0.0},{"n":"变换","m":"ADBE Transform Group","i":5,"d":1,"f":65537,"g":1,"gs":[{"n":"锚点","m":"ADBE Anchor Point","i":0,"d":2,"f":1,"g":0,"t":1,"s":false,"lp":false,"fp":false,"v":[360.0,640.0,0.0]},{"n":"位置","m":"ADBE Position","i":1,"d":2,"f":1,"g":0,"t":1,"s":false,"lp":true,"fp":false,"v":[360.0,640.0,0.0]},{"n":"缩放","m":"ADBE Scale","i":5,"d":2,"f":1,"g":0,"t":2,"s":false,"lp":false,"fp":false,"v":[100.0,100.0,100.0]},{"n":"旋转","m":"ADBE Rotate Z","i":9,"d":2,"f":1,"g":0,"t":5,"s":false,"lp":false,"fp":false,"v":0.0},{"n":"不透明度","m":"ADBE Opacity","i":10,"d":2,"f":1,"g":0,"t":5,"s":false,"lp":false,"fp":false,"v":100.0}]},{"n":"音频","m":"ADBE Audio Group","i":10,"d":1,"f":3,"g":1,"gs":[{"n":"音频电平","m":"ADBE Audio Levels","i":0,"d":2,"f":1,"g":0,"t":4,"s":false,"lp":false,"fp":false,"v":[0.0,0.0]}]}]}},{"a":356,"i":10,"ui_key":"","ui_extra":"","s":"ak29","l":0,"f":7,"p":-1,"e":1.0,"t":[2,0,3],"r":[0.0,0.0,8.0],"ss":{"n":"","m":"ADBE AV Layer","i":10,"d":0,"f":1,"g":1,"gs":[{"n":"标记","m":"ADBE Marker","i":0,"d":1,"f":1,"g":0,"t":8,"s":false,"lp":false,"fp":false,"v":{"c":"","d":0.0,"t":0.0}},{"n":"时间重映射","m":"ADBE Time Remapping","i":1,"d":1,"f":3,"g":0,"t":5,"s":false,"lp":false,"fp":false,"v":0.0},{"n":"变换","m":"ADBE Transform Group","i":5,"d":1,"f":65537,"g":1,"gs":[{"n":"锚点","m":"ADBE Anchor Point","i":0,"d":2,"f":1,"g":0,"t":1,"s":false,"lp":false,"fp":false,"v":[245.0,284.0,0.0]},{"n":"位置","m":"ADBE Position","i":1,"d":2,"f":1,"g":0,"t":1,"s":false,"lp":true,"fp":false,"v":[89.0,1195.0,0.0]},{"n":"缩放","m":"ADBE Scale","i":5,"d":2,"f":1,"g":0,"t":2,"s":false,"lp":false,"fp":false,"v":[34.037,34.037,100.0]},{"n":"旋转","m":"ADBE Rotate Z","i":9,"d":2,"f":1,"g":0,"t":5,"s":false,"lp":false,"fp":false,"v":0.0},{"n":"不透明度","m":"ADBE Opacity","i":10,"d":2,"f":1,"g":0,"t":5,"s":false,"lp":false,"fp":false,"v":100.0}]},{"n":"音频","m":"ADBE Audio Group","i":10,"d":1,"f":3,"g":1,"gs":[{"n":"音频电平","m":"ADBE Audio Levels","i":0,"d":2,"f":1,"g":0,"t":4,"s":false,"lp":false,"fp":false,"v":[0.0,0.0]}]}]}},{"a":541,"i":9,"ui_key":"","ui_extra":"","s":"ak27","l":0,"f":6,"p":-1,"e":1.0,"t":[2,0,0],"r":[0.0,0.0,8.0],"ss":{"n":"","m":"ADBE AV Layer","i":9,"d":0,"f":1,"g":1,"gs":[{"n":"标记","m":"ADBE Marker","i":0,"d":1,"f":1,"g":0,"t":8,"s":false,"lp":false,"fp":false,"v":{"c":"","d":0.0,"t":0.0}},{"n":"时间重映射","m":"ADBE Time Remapping","i":1,"d":1,"f":3,"g":0,"t":5,"s":false,"lp":false,"fp":false,"v":0.0},{"n":"变换","m":"ADBE Transform Group","i":5,"d":1,"f":65537,"g":1,"gs":[{"n":"锚点","m":"ADBE Anchor Point","i":0,"d":2,"f":1,"g":0,"t":1,"s":false,"lp":false,"fp":false,"v":[360.0,640.0,0.0]},{"n":"位置","m":"ADBE Position","i":1,"d":2,"f":1,"g":0,"t":1,"s":false,"lp":true,"fp":false,"v":[360.0,640.0,0.0]},{"n":"缩放","m":"ADBE Scale","i":5,"d":2,"f":1,"g":0,"t":2,"s":false,"lp":false,"fp":false,"v":[100.0,100.0,100.0]},{"n":"旋转","m":"ADBE Rotate Z","i":9,"d":2,"f":1,"g":0,"t":5,"s":false,"lp":false,"fp":false,"v":0.0},{"n":"不透明度","m":"ADBE Opacity","i":10,"d":2,"f":1,"g":0,"t":5,"s":false,"lp":false,"fp":false,"v":100.0}]},{"n":"音频","m":"ADBE Audio Group","i":10,"d":1,"f":3,"g":1,"gs":[{"n":"音频电平","m":"ADBE Audio Levels","i":0,"d":2,"f":1,"g":0,"t":4,"s":false,"lp":false,"fp":false,"v":[0.0,0.0]}]}]}},{"a":361,"i":8,"ui_key":"","ui_extra":"","s":"ak25","l":0,"f":7,"p":-1,"e":1.0,"t":[2,0,3],"r":[0.0,0.0,8.0],"ss":{"n":"","m":"ADBE AV Layer","i":8,"d":0,"f":1,"g":1,"gs":[{"n":"标记","m":"ADBE Marker","i":0,"d":1,"f":1,"g":0,"t":8,"s":false,"lp":false,"fp":false,"v":{"c":"","d":0.0,"t":0.0}},{"n":"时间重映射","m":"ADBE Time Remapping","i":1,"d":1,"f":3,"g":0,"t":5,"s":false,"lp":false,"fp":false,"v":0.0},{"n":"变换","m":"ADBE Transform Group","i":5,"d":1,"f":65537,"g":1,"gs":[{"n":"锚点","m":"ADBE Anchor Point","i":0,"d":2,"f":1,"g":0,"t":1,"s":false,"lp":false,"fp":false,"v":[540.0,810.0,0.0]},{"n":"位置","m":"ADBE Position","i":1,"d":2,"f":1,"g":0,"t":1,"s":false,"lp":true,"fp":false,"v":[266.0,898.0,0.0]},{"n":"缩放","m":"ADBE Scale","i":5,"d":2,"f":1,"g":0,"t":2,"s":false,"lp":false,"fp":false,"v":[28.888,28.888,100.0]},{"n":"旋转","m":"ADBE Rotate Z","i":9,"d":2,"f":1,"g":0,"t":5,"s":false,"lp":false,"fp":false,"v":0.0},{"n":"不透明度","m":"ADBE Opacity","i":10,"d":2,"f":1,"g":0,"t":5,"s":false,"lp":false,"fp":false,"v":100.0}]},{"n":"音频","m":"ADBE Audio Group","i":10,"d":1,"f":3,"g":1,"gs":[{"n":"音频电平","m":"ADBE Audio Levels","i":0,"d":2,"f":1,"g":0,"t":4,"s":false,"lp":false,"fp":false,"v":[0.0,0.0]}]}]}},{"a":510,"i":7,"ui_key":"","ui_extra":"","s":"ak23","l":0,"f":6,"p":-1,"e":1.0,"t":[2,0,0],"r":[0.0,0.0,8.0],"ss":{"n":"","m":"ADBE AV Layer","i":7,"d":0,"f":1,"g":1,"gs":[{"n":"标记","m":"ADBE Marker","i":0,"d":1,"f":1,"g":0,"t":8,"s":false,"lp":false,"fp":false,"v":{"c":"","d":0.0,"t":0.0}},{"n":"时间重映射","m":"ADBE Time Remapping","i":1,"d":1,"f":3,"g":0,"t":5,"s":false,"lp":false,"fp":false,"v":0.0},{"n":"变换","m":"ADBE Transform Group","i":5,"d":1,"f":65537,"g":1,"gs":[{"n":"锚点","m":"ADBE Anchor Point","i":0,"d":2,"f":1,"g":0,"t":1,"s":false,"lp":false,"fp":false,"v":[360.0,640.0,0.0]},{"n":"位置","m":"ADBE Position","i":1,"d":2,"f":1,"g":0,"t":1,"s":false,"lp":true,"fp":false,"v":[360.0,640.0,0.0]},{"n":"缩放","m":"ADBE Scale","i":5,"d":2,"f":1,"g":0,"t":2,"s":false,"lp":false,"fp":false,"v":[100.0,100.0,100.0]},{"n":"旋转","m":"ADBE Rotate Z","i":9,"d":2,"f":1,"g":0,"t":5,"s":false,"lp":false,"fp":false,"v":0.0},{"n":"不透明度","m":"ADBE Opacity","i":10,"d":2,"f":1,"g":0,"t":5,"s":false,"lp":false,"fp":false,"v":100.0}]},{"n":"音频","m":"ADBE Audio Group","i":10,"d":1,"f":3,"g":1,"gs":[{"n":"音频电平","m":"ADBE Audio Levels","i":0,"d":2,"f":1,"g":0,"t":4,"s":false,"lp":false,"fp":false,"v":[0.0,0.0]}]}]}},{"a":364,"i":6,"ui_key":"","ui_extra":"","s":"ak21","l":3,"f":135,"p":-1,"e":1.0,"t":[2,0,0],"r":[0.0,0.0,8.0],"ss":{"n":"","m":"ADBE Text Layer","i":6,"d":0,"f":1,"g":1,"gs":[{"n":"标记","m":"ADBE Marker","i":0,"d":1,"f":1,"g":0,"t":8,"s":false,"lp":false,"fp":false,"v":{"c":"","d":0.0,"t":0.0}},{"n":"文本","m":"ADBE Text Properties","i":1,"d":1,"f":1,"g":1,"gs":[{"n":"源文本","m":"ADBE Text Document","i":0,"d":2,"f":1,"g":0,"t":12,"s":false,"lp":false,"fp":false,"v":{"c":"咕呱咕呱咕呱","m":100,"f":"AlibabaPuHuiTiR","fs":"Regular","fm":"Alibaba PuHuiTi","ff":"Alibaba-PuHuiTi-Regular.otf","s":31,"lh":30,"cs":-47,"af":true,"fi":"#363636","st":"#000000","w":0.0,"sf":false,"al":0,"d":0,"fb":false,"it":false,"bt":1,"bx":[-284,-55,567,110]}},{"n":"路径选项","m":"ADBE Text Path Options","i":1,"d":2,"f":9,"g":1,"gs":[{"n":"路径","m":"ADBE Text Path","i":0,"d":3,"f":1,"g":0,"t":10,"s":false,"lp":false,"fp":false,"v":0}]},{"n":"更多选项","m":"ADBE Text More Options","i":2,"d":2,"f":1,"g":1,"gs":[{"n":"锚点分组","m":"ADBE Text Anchor Point Option","i":0,"d":3,"f":1,"g":0,"t":5,"s":false,"lp":false,"fp":false,"v":1.0},{"n":"分组对齐","m":"ADBE Text Anchor Point Align","i":1,"d":3,"f":1,"g":0,"t":4,"s":false,"lp":false,"fp":false,"v":[0.0,0.0]},{"n":"填充和描边","m":"ADBE Text Render Order","i":2,"d":3,"f":1,"g":0,"t":5,"s":false,"lp":false,"fp":false,"v":1.0},{"n":"字符间混合","m":"ADBE Text Character Blend Mode","i":3,"d":3,"f":1,"g":0,"t":5,"s":false,"lp":false,"fp":false,"v":1.0}]}]},{"n":"变换","m":"ADBE Transform Group","i":4,"d":1,"f":65537,"g":1,"gs":[{"n":"锚点","m":"ADBE Anchor Point","i":0,"d":2,"f":1,"g":0,"t":1,"s":false,"lp":false,"fp":false,"v":[0.0,0.0,0.0]},{"n":"位置","m":"ADBE Position","i":1,"d":2,"f":1,"g":0,"t":1,"s":false,"lp":true,"fp":false,"v":[409.5,1242.0,0.0]},{"n":"缩放","m":"ADBE Scale","i":5,"d":2,"f":1,"g":0,"t":2,"s":false,"lp":false,"fp":false,"v":[100.0,100.0,100.0]},{"n":"旋转","m":"ADBE Rotate Z","i":9,"d":2,"f":1,"g":0,"t":5,"s":false,"lp":false,"fp":false,"v":0.0},{"n":"不透明度","m":"ADBE Opacity","i":10,"d":2,"f":1,"g":0,"t":5,"s":false,"lp":false,"fp":false,"v":100.0}]}]}},{"a":365,"i":5,"ui_key":"","ui_extra":"","s":"ak19","l":3,"f":135,"p":-1,"e":1.0,"t":[2,0,0],"r":[0.0,0.0,8.0],"ss":{"n":"","m":"ADBE Text Layer","i":5,"d":0,"f":1,"g":1,"gs":[{"n":"标记","m":"ADBE Marker","i":0,"d":1,"f":1,"g":0,"t":8,"s":false,"lp":false,"fp":false,"v":{"c":"","d":0.0,"t":0.0}},{"n":"文本","m":"ADBE Text Properties","i":1,"d":1,"f":1,"g":1,"gs":[{"n":"源文本","m":"ADBE Text Document","i":0,"d":2,"f":1,"g":0,"t":12,"s":false,"lp":false,"fp":false,"v":{"c":"七夕节喜提小包包一个","m":100,"f":"AlibabaPuHuiTiR","fs":"Regular","fm":"Alibaba PuHuiTi","ff":"Alibaba-PuHuiTi-Regular.otf","s":31,"lh":30,"cs":-47,"af":true,"fi":"#363636","st":"#000000","w":0.0,"sf":false,"al":0,"d":0,"fb":false,"it":false,"bt":1,"bx":[-284,-55,455,70]}},{"n":"路径选项","m":"ADBE Text Path Options","i":1,"d":2,"f":9,"g":1,"gs":[{"n":"路径","m":"ADBE Text Path","i":0,"d":3,"f":1,"g":0,"t":10,"s":false,"lp":false,"fp":false,"v":0}]},{"n":"更多选项","m":"ADBE Text More Options","i":2,"d":2,"f":1,"g":1,"gs":[{"n":"锚点分组","m":"ADBE Text Anchor Point Option","i":0,"d":3,"f":1,"g":0,"t":5,"s":false,"lp":false,"fp":false,"v":1.0},{"n":"分组对齐","m":"ADBE Text Anchor Point Align","i":1,"d":3,"f":1,"g":0,"t":4,"s":false,"lp":false,"fp":false,"v":[0.0,0.0]},{"n":"填充和描边","m":"ADBE Text Render Order","i":2,"d":3,"f":1,"g":0,"t":5,"s":false,"lp":false,"fp":false,"v":1.0},{"n":"字符间混合","m":"ADBE Text Character Blend Mode","i":3,"d":3,"f":1,"g":0,"t":5,"s":false,"lp":false,"fp":false,"v":1.0}]}]},{"n":"变换","m":"ADBE Transform Group","i":4,"d":1,"f":65537,"g":1,"gs":[{"n":"锚点","m":"ADBE Anchor Point","i":0,"d":2,"f":1,"g":0,"t":1,"s":false,"lp":false,"fp":false,"v":[0.0,0.0,0.0]},{"n":"位置","m":"ADBE Position","i":1,"d":2,"f":1,"g":0,"t":1,"s":false,"lp":true,"fp":false,"v":[409.5,666.0,0.0]},{"n":"缩放","m":"ADBE Scale","i":5,"d":2,"f":1,"g":0,"t":2,"s":false,"lp":false,"fp":false,"v":[100.0,100.0,100.0]},{"n":"旋转","m":"ADBE Rotate Z","i":9,"d":2,"f":1,"g":0,"t":5,"s":false,"lp":false,"fp":false,"v":0.0},{"n":"不透明度","m":"ADBE Opacity","i":10,"d":2,"f":1,"g":0,"t":5,"s":false,"lp":false,"fp":false,"v":100.0}]}]}},{"a":347,"i":4,"ui_key":"","ui_extra":"","s":"ak17","l":3,"f":135,"p":-1,"e":1.0,"t":[2,0,0],"r":[0.0,0.0,8.0],"ss":{"n":"","m":"ADBE Text Layer","i":4,"d":0,"f":1,"g":1,"gs":[{"n":"标记","m":"ADBE Marker","i":0,"d":1,"f":1,"g":0,"t":8,"s":false,"lp":false,"fp":false,"v":{"c":"","d":0.0,"t":0.0}},{"n":"文本","m":"ADBE Text Properties","i":1,"d":1,"f":1,"g":1,"gs":[{"n":"源文本","m":"ADBE Text Document","i":0,"d":2,"f":1,"g":0,"t":12,"s":false,"lp":false,"fp":false,"v":{"c":"视晓杏","m":100,"f":"AlibabaPuHuiTiB","fs":"Bold","fm":"Alibaba PuHuiTi","ff":"Alibaba-PuHuiTi-Bold.otf","s":31,"lh":30,"cs":-47,"af":true,"fi":"#ffffff","st":"#000000","w":0.0,"sf":false,"al":2,"d":0,"fb":false,"it":false,"bt":1,"bx":[-94,-17,188,34]}},{"n":"路径选项","m":"ADBE Text Path Options","i":1,"d":2,"f":9,"g":1,"gs":[{"n":"路径","m":"ADBE Text Path","i":0,"d":3,"f":1,"g":0,"t":10,"s":false,"lp":false,"fp":false,"v":0}]},{"n":"更多选项","m":"ADBE Text More Options","i":2,"d":2,"f":1,"g":1,"gs":[{"n":"锚点分组","m":"ADBE Text Anchor Point Option","i":0,"d":3,"f":1,"g":0,"t":5,"s":false,"lp":false,"fp":false,"v":1.0},{"n":"分组对齐","m":"ADBE Text Anchor Point Align","i":1,"d":3,"f":1,"g":0,"t":4,"s":false,"lp":false,"fp":false,"v":[0.0,0.0]},{"n":"填充和描边","m":"ADBE Text Render Order","i":2,"d":3,"f":1,"g":0,"t":5,"s":false,"lp":false,"fp":false,"v":1.0},{"n":"字符间混合","m":"ADBE Text Character Blend Mode","i":3,"d":3,"f":1,"g":0,"t":5,"s":false,"lp":false,"fp":false,"v":1.0}]}]},{"n":"变换","m":"ADBE Transform Group","i":4,"d":1,"f":65537,"g":1,"gs":[{"n":"锚点","m":"ADBE Anchor Point","i":0,"d":2,"f":1,"g":0,"t":1,"s":false,"lp":false,"fp":false,"v":[0.0,0.0,0.0]},{"n":"位置","m":"ADBE Position","i":1,"d":2,"f":1,"g":0,"t":1,"s":false,"lp":true,"fp":false,"v":[469.0,342.0,0.0]},{"n":"缩放","m":"ADBE Scale","i":5,"d":2,"f":1,"g":0,"t":2,"s":false,"lp":false,"fp":false,"v":[100.0,100.0,100.0]},{"n":"旋转","m":"ADBE Rotate Z","i":9,"d":2,"f":1,"g":0,"t":5,"s":false,"lp":false,"fp":false,"v":0.0},{"n":"不透明度","m":"ADBE Opacity","i":10,"d":2,"f":1,"g":0,"t":5,"s":false,"lp":false,"fp":false,"v":100.0}]}]}},{"a":362,"i":3,"ui_key":"","ui_extra":"","s":"ak15","l":3,"f":135,"p":-1,"e":1.0,"t":[2,0,0],"r":[0.0,0.0,8.0],"ss":{"n":"","m":"ADBE Text Layer","i":3,"d":0,"f":1,"g":1,"gs":[{"n":"标记","m":"ADBE Marker","i":0,"d":1,"f":1,"g":0,"t":8,"s":false,"lp":false,"fp":false,"v":{"c":"","d":0.0,"t":0.0}},{"n":"文本","m":"ADBE Text Properties","i":1,"d":1,"f":1,"g":1,"gs":[{"n":"源文本","m":"ADBE Text Document","i":0,"d":2,"f":1,"g":0,"t":12,"s":false,"lp":false,"fp":false,"v":{"c":"草莓酱","m":100,"f":"AlibabaPuHuiTiB","fs":"Bold","fm":"Alibaba PuHuiTi","ff":"Alibaba-PuHuiTi-Bold.otf","s":31,"lh":30,"cs":-47,"af":true,"fi":"#5c74a0","st":"#000000","w":0.0,"sf":false,"al":0,"d":0,"fb":false,"it":false,"bt":1,"bx":[-46,-17,140,34]}},{"n":"路径选项","m":"ADBE Text Path Options","i":1,"d":2,"f":9,"g":1,"gs":[{"n":"路径","m":"ADBE Text Path","i":0,"d":3,"f":1,"g":0,"t":10,"s":false,"lp":false,"fp":false,"v":0}]},{"n":"更多选项","m":"ADBE Text More Options","i":2,"d":2,"f":1,"g":1,"gs":[{"n":"锚点分组","m":"ADBE Text Anchor Point Option","i":0,"d":3,"f":1,"g":0,"t":5,"s":false,"lp":false,"fp":false,"v":1.0},{"n":"分组对齐","m":"ADBE Text Anchor Point Align","i":1,"d":3,"f":1,"g":0,"t":4,"s":false,"lp":false,"fp":false,"v":[0.0,0.0]},{"n":"填充和描边","m":"ADBE Text Render Order","i":2,"d":3,"f":1,"g":0,"t":5,"s":false,"lp":false,"fp":false,"v":1.0},{"n":"字符间混合","m":"ADBE Text Character Blend Mode","i":3,"d":3,"f":1,"g":0,"t":5,"s":false,"lp":false,"fp":false,"v":1.0}]}]},{"n":"变换","m":"ADBE Transform Group","i":4,"d":1,"f":65537,"g":1,"gs":[{"n":"锚点","m":"ADBE Anchor Point","i":0,"d":2,"f":1,"g":0,"t":1,"s":false,"lp":false,"fp":false,"v":[0.0,0.0,0.0]},{"n":"位置","m":"ADBE Position","i":1,"d":2,"f":1,"g":0,"t":1,"s":false,"lp":true,"fp":false,"v":[171.5,574.0,0.0]},{"n":"缩放","m":"ADBE Scale","i":5,"d":2,"f":1,"g":0,"t":2,"s":false,"lp":false,"fp":false,"v":[100.0,100.0,100.0]},{"n":"旋转","m":"ADBE Rotate Z","i":9,"d":2,"f":1,"g":0,"t":5,"s":false,"lp":false,"fp":false,"v":0.0},{"n":"不透明度","m":"ADBE Opacity","i":10,"d":2,"f":1,"g":0,"t":5,"s":false,"lp":false,"fp":false,"v":100.0}]}]}},{"a":363,"i":2,"ui_key":"","ui_extra":"","s":"ak13","l":3,"f":135,"p":-1,"e":1.0,"t":[2,0,0],"r":[0.0,0.0,8.0],"ss":{"n":"","m":"ADBE Text Layer","i":2,"d":0,"f":1,"g":1,"gs":[{"n":"标记","m":"ADBE Marker","i":0,"d":1,"f":1,"g":0,"t":8,"s":false,"lp":false,"fp":false,"v":{"c":"","d":0.0,"t":0.0}},{"n":"文本","m":"ADBE Text Properties","i":1,"d":1,"f":1,"g":1,"gs":[{"n":"源文本","m":"ADBE Text Document","i":0,"d":2,"f":1,"g":0,"t":12,"s":false,"lp":false,"fp":false,"v":{"c":"咕呱","m":100,"f":"AlibabaPuHuiTiB","fs":"Bold","fm":"Alibaba PuHuiTi","ff":"Alibaba-PuHuiTi-Bold.otf","s":31,"lh":30,"cs":-47,"af":true,"fi":"#5c74a0","st":"#000000","w":0.0,"sf":false,"al":0,"d":0,"fb":false,"it":false,"bt":1,"bx":[-46,-17,228,34]}},{"n":"路径选项","m":"ADBE Text Path Options","i":1,"d":2,"f":9,"g":1,"gs":[{"n":"路径","m":"ADBE Text Path","i":0,"d":3,"f":1,"g":0,"t":10,"s":false,"lp":false,"fp":false,"v":0}]},{"n":"更多选项","m":"ADBE Text More Options","i":2,"d":2,"f":1,"g":1,"gs":[{"n":"锚点分组","m":"ADBE Text Anchor Point Option","i":0,"d":3,"f":1,"g":0,"t":5,"s":false,"lp":false,"fp":false,"v":1.0},{"n":"分组对齐","m":"ADBE Text Anchor Point Align","i":1,"d":3,"f":1,"g":0,"t":4,"s":false,"lp":false,"fp":false,"v":[0.0,0.0]},{"n":"填充和描边","m":"ADBE Text Render Order","i":2,"d":3,"f":1,"g":0,"t":5,"s":false,"lp":false,"fp":false,"v":1.0},{"n":"字符间混合","m":"ADBE Text Character Blend Mode","i":3,"d":3,"f":1,"g":0,"t":5,"s":false,"lp":false,"fp":false,"v":1.0}]}]},{"n":"变换","m":"ADBE Transform Group","i":4,"d":1,"f":65537,"g":1,"gs":[{"n":"锚点","m":"ADBE Anchor Point","i":0,"d":2,"f":1,"g":0,"t":1,"s":false,"lp":false,"fp":false,"v":[0.0,0.0,0.0]},{"n":"位置","m":"ADBE Position","i":1,"d":2,"f":1,"g":0,"t":1,"s":false,"lp":true,"fp":false,"v":[171.5,1160.0,0.0]},{"n":"缩放","m":"ADBE Scale","i":5,"d":2,"f":1,"g":0,"t":2,"s":false,"lp":false,"fp":false,"v":[100.0,100.0,100.0]},{"n":"旋转","m":"ADBE Rotate Z","i":9,"d":2,"f":1,"g":0,"t":5,"s":false,"lp":false,"fp":false,"v":0.0},{"n":"不透明度","m":"ADBE Opacity","i":10,"d":2,"f":1,"g":0,"t":5,"s":false,"lp":false,"fp":false,"v":100.0}]}]}},{"a":371,"i":1,"ui_key":"","ui_extra":"","s":"ak11","l":3,"f":135,"p":-1,"e":1.0,"t":[2,0,0],"r":[0.0,0.0,8.0],"ss":{"n":"","m":"ADBE Text Layer","i":1,"d":0,"f":1,"g":1,"gs":[{"n":"标记","m":"ADBE Marker","i":0,"d":1,"f":1,"g":0,"t":8,"s":false,"lp":false,"fp":false,"v":{"c":"","d":0.0,"t":0.0}},{"n":"文本","m":"ADBE Text Properties","i":1,"d":1,"f":1,"g":1,"gs":[{"n":"源文本","m":"ADBE Text Document","i":0,"d":2,"f":1,"g":0,"t":12,"s":false,"lp":false,"fp":false,"v":{"c":"7分钟前","m":100,"f":"AlibabaPuHuiTiM","fs":"Medium","fm":"Alibaba PuHuiTi","ff":"Alibaba-PuHuiTi-Medium.otf","s":26,"lh":30,"cs":-47,"af":true,"fi":"#909090","st":"#000000","w":0.0,"sf":false,"al":0,"d":0,"fb":false,"it":false,"bt":0,"bx":[0,0,-1,-1]}},{"n":"路径选项","m":"ADBE Text Path Options","i":1,"d":2,"f":9,"g":1,"gs":[{"n":"路径","m":"ADBE Text Path","i":0,"d":3,"f":1,"g":0,"t":10,"s":false,"lp":false,"fp":false,"v":0}]},{"n":"更多选项","m":"ADBE Text More Options","i":2,"d":2,"f":1,"g":1,"gs":[{"n":"锚点分组","m":"ADBE Text Anchor Point Option","i":0,"d":3,"f":1,"g":0,"t":5,"s":false,"lp":false,"fp":false,"v":1.0},{"n":"分组对齐","m":"ADBE Text Anchor Point Align","i":1,"d":3,"f":1,"g":0,"t":4,"s":false,"lp":false,"fp":false,"v":[0.0,0.0]},{"n":"填充和描边","m":"ADBE Text Render Order","i":2,"d":3,"f":1,"g":0,"t":5,"s":false,"lp":false,"fp":false,"v":1.0},{"n":"字符间混合","m":"ADBE Text Character Blend Mode","i":3,"d":3,"f":1,"g":0,"t":5,"s":false,"lp":false,"fp":false,"v":1.0}]}]},{"n":"变换","m":"ADBE Transform Group","i":4,"d":1,"f":65537,"g":1,"gs":[{"n":"锚点","m":"ADBE Anchor Point","i":0,"d":2,"f":1,"g":0,"t":1,"s":false,"lp":false,"fp":false,"v":[0.0,0.0,0.0]},{"n":"位置","m":"ADBE Position","i":1,"d":2,"f":1,"g":0,"t":1,"s":false,"lp":true,"fp":false,"v":[123.5,1087.5,0.0]},{"n":"缩放","m":"ADBE Scale","i":5,"d":2,"f":1,"g":0,"t":2,"s":false,"lp":false,"fp":false,"v":[100.0,100.0,100.0]},{"n":"旋转","m":"ADBE Rotate Z","i":9,"d":2,"f":1,"g":0,"t":5,"s":false,"lp":false,"fp":false,"v":0.0},{"n":"不透明度","m":"ADBE Opacity","i":10,"d":2,"f":1,"g":0,"t":5,"s":false,"lp":false,"fp":false,"v":100.0}]}]}},{"a":460,"i":0,"ui_key":"","ui_extra":"","s":"ak6","l":0,"f":135,"p":-1,"e":1.0,"t":[2,0,0],"r":[0.0,0.0,8.0],"ss":{"n":"","m":"ADBE AV Layer","i":0,"d":0,"f":1,"g":1,"gs":[{"n":"标记","m":"ADBE Marker","i":0,"d":1,"f":1,"g":0,"t":8,"s":false,"lp":false,"fp":false,"v":{"c":"","d":0.0,"t":0.0}},{"n":"时间重映射","m":"ADBE Time Remapping","i":1,"d":1,"f":3,"g":0,"t":5,"s":false,"lp":false,"fp":false,"v":0.0},{"n":"变换","m":"ADBE Transform Group","i":5,"d":1,"f":65537,"g":1,"gs":[{"n":"锚点","m":"ADBE Anchor Point","i":0,"d":2,"f":1,"g":0,"t":1,"s":false,"lp":false,"fp":false,"v":[360.0,640.0,0.0]},{"n":"位置","m":"ADBE Position","i":1,"d":2,"f":1,"g":0,"t":1,"s":false,"lp":true,"fp":false,"v":[360.0,640.0,0.0]},{"n":"缩放","m":"ADBE Scale","i":5,"d":2,"f":1,"g":0,"t":2,"s":false,"lp":false,"fp":false,"v":[100.0,100.0,100.0]},{"n":"旋转","m":"ADBE Rotate Z","i":9,"d":2,"f":1,"g":0,"t":5,"s":false,"lp":false,"fp":false,"v":0.0},{"n":"不透明度","m":"ADBE Opacity","i":10,"d":2,"f":1,"g":0,"t":5,"s":false,"lp":false,"fp":false,"v":100.0}]},{"n":"音频","m":"ADBE Audio Group","i":10,"d":1,"f":3,"g":1,"gs":[{"n":"音频电平","m":"ADBE Audio Levels","i":0,"d":2,"f":1,"g":0,"t":4,"s":false,"lp":false,"fp":false,"v":[0.0,0.0]}]}]}}]},{"name":"406","id":406,"duration":245,"fps":30,"size":[720,1280],"bg":"#ff000000","layers":[{"a":423,"i":1,"ui_key":"","ui_extra":"","s":"ak3","l":0,"f":7,"p":-1,"e":1.0,"t":[2,0,3],"r":[0.0,0.0,8.166],"ss":{"n":"","m":"ADBE AV Layer","i":1,"d":0,"f":1,"g":1,"gs":[{"n":"标记","m":"ADBE Marker","i":0,"d":1,"f":1,"g":0,"t":8,"s":false,"lp":false,"fp":false,"v":{"c":"","d":0.0,"t":0.0}},{"n":"时间重映射","m":"ADBE Time Remapping","i":1,"d":1,"f":3,"g":0,"t":5,"s":false,"lp":false,"fp":false,"v":0.0},{"n":"变换","m":"ADBE Transform Group","i":5,"d":1,"f":65537,"g":1,"gs":[{"n":"锚点","m":"ADBE Anchor Point","i":0,"d":2,"f":1,"g":0,"t":1,"s":false,"lp":false,"fp":false,"v":[360.0,640.0,0.0]},{"n":"位置","m":"ADBE Position","i":1,"d":2,"f":1,"g":0,"t":1,"s":false,"lp":true,"fp":false,"v":[360.0,640.0,0.0]},{"n":"缩放","m":"ADBE Scale","i":5,"d":2,"f":1,"g":0,"t":2,"s":false,"lp":false,"fp":false,"v":[100.0,100.0,100.0]},{"n":"旋转","m":"ADBE Rotate Z","i":9,"d":2,"f":1,"g":0,"t":5,"s":false,"lp":false,"fp":false,"v":0.0},{"n":"不透明度","m":"ADBE Opacity","i":10,"d":2,"f":1,"g":0,"t":5,"s":false,"lp":false,"fp":false,"v":100.0}]},{"n":"音频","m":"ADBE Audio Group","i":10,"d":1,"f":3,"g":1,"gs":[{"n":"音频电平","m":"ADBE Audio Levels","i":0,"d":2,"f":1,"g":0,"t":4,"s":false,"lp":false,"fp":false,"v":[0.0,0.0]}]}]}},{"a":424,"i":0,"ui_key":"","ui_extra":"","s":"ak1","l":0,"f":6,"p":-1,"e":1.0,"t":[2,0,0],"r":[0.0,0.0,8.166],"ss":{"n":"","m":"ADBE AV Layer","i":0,"d":0,"f":1,"g":1,"gs":[{"n":"标记","m":"ADBE Marker","i":0,"d":1,"f":1,"g":0,"t":8,"s":false,"lp":false,"fp":false,"v":{"c":"","d":0.0,"t":0.0}},{"n":"时间重映射","m":"ADBE Time Remapping","i":1,"d":1,"f":3,"g":0,"t":5,"s":false,"lp":false,"fp":false,"v":0.0},{"n":"变换","m":"ADBE Transform Group","i":5,"d":1,"f":65537,"g":1,"gs":[{"n":"锚点","m":"ADBE Anchor Point","i":0,"d":2,"f":1,"g":0,"t":1,"s":false,"lp":false,"fp":false,"v":[360.0,640.0,0.0]},{"n":"位置","m":"ADBE Position","i":1,"d":2,"f":1,"g":0,"t":1,"s":false,"lp":true,"fp":false,"v":[360.0,640.0,0.0]},{"n":"缩放","m":"ADBE Scale","i":5,"d":2,"f":1,"g":0,"t":2,"s":false,"lp":false,"fp":false,"v":[100.0,100.0,100.0]},{"n":"旋转","m":"ADBE Rotate Z","i":9,"d":2,"f":1,"g":0,"t":5,"s":false,"lp":false,"fp":false,"v":0.0},{"n":"不透明度","m":"ADBE Opacity","i":10,"d":2,"f":1,"g":0,"t":5,"s":false,"lp":false,"fp":false,"v":100.0}]},{"n":"音频","m":"ADBE Audio Group","i":10,"d":1,"f":3,"g":1,"gs":[{"n":"音频电平","m":"ADBE Audio Levels","i":0,"d":2,"f":1,"g":0,"t":4,"s":false,"lp":false,"fp":false,"v":[0.0,0.0]}]}]}}]},{"name":"462","id":462,"duration":240,"fps":30,"size":[720,1280],"bg":"#ff000000","layers":[{"a":479,"i":1,"ui_key":"","ui_extra":"","s":"ak9","l":0,"f":7,"p":-1,"e":1.0,"t":[2,0,3],"r":[0.0,0.0,8.0],"ss":{"n":"","m":"ADBE AV Layer","i":1,"d":0,"f":1,"g":1,"gs":[{"n":"标记","m":"ADBE Marker","i":0,"d":1,"f":1,"g":0,"t":8,"s":false,"lp":false,"fp":false,"v":{"c":"","d":0.0,"t":0.0}},{"n":"时间重映射","m":"ADBE Time Remapping","i":1,"d":1,"f":3,"g":0,"t":5,"s":false,"lp":false,"fp":false,"v":0.0},{"n":"变换","m":"ADBE Transform Group","i":5,"d":1,"f":65537,"g":1,"gs":[{"n":"锚点","m":"ADBE Anchor Point","i":0,"d":2,"f":1,"g":0,"t":1,"s":false,"lp":false,"fp":false,"v":[360.0,640.0,0.0]},{"n":"位置","m":"ADBE Position","i":1,"d":2,"f":1,"g":0,"t":1,"s":false,"lp":true,"fp":false,"v":[360.0,640.0,0.0]},{"n":"缩放","m":"ADBE Scale","i":5,"d":2,"f":1,"g":0,"t":2,"s":false,"lp":false,"fp":false,"v":[100.0,100.0,100.0]},{"n":"旋转","m":"ADBE Rotate Z","i":9,"d":2,"f":1,"g":0,"t":5,"s":false,"lp":false,"fp":false,"v":0.0},{"n":"不透明度","m":"ADBE Opacity","i":10,"d":2,"f":1,"g":0,"t":5,"s":false,"lp":false,"fp":false,"v":100.0}]},{"n":"音频","m":"ADBE Audio Group","i":10,"d":1,"f":3,"g":1,"gs":[{"n":"音频电平","m":"ADBE Audio Levels","i":0,"d":2,"f":1,"g":0,"t":4,"s":false,"lp":false,"fp":false,"v":[0.0,0.0]}]}]}},{"a":480,"i":0,"ui_key":"","ui_extra":"","s":"ak7","l":0,"f":6,"p":-1,"e":1.0,"t":[2,0,0],"r":[0.0,0.0,8.0],"ss":{"n":"","m":"ADBE AV Layer","i":0,"d":0,"f":1,"g":1,"gs":[{"n":"标记","m":"ADBE Marker","i":0,"d":1,"f":1,"g":0,"t":8,"s":false,"lp":false,"fp":false,"v":{"c":"","d":0.0,"t":0.0}},{"n":"时间重映射","m":"ADBE Time Remapping","i":1,"d":1,"f":3,"g":0,"t":5,"s":false,"lp":false,"fp":false,"v":0.0},{"n":"变换","m":"ADBE Transform Group","i":5,"d":1,"f":65537,"g":1,"gs":[{"n":"锚点","m":"ADBE Anchor Point","i":0,"d":2,"f":1,"g":0,"t":1,"s":false,"lp":false,"fp":false,"v":[360.0,640.0,0.0]},{"n":"位置","m":"ADBE Position","i":1,"d":2,"f":1,"g":0,"t":1,"s":false,"lp":true,"fp":false,"v":[360.0,640.0,0.0]},{"n":"缩放","m":"ADBE Scale","i":5,"d":2,"f":1,"g":0,"t":2,"s":false,"lp":false,"fp":false,"v":[100.0,100.0,100.0]},{"n":"旋转","m":"ADBE Rotate Z","i":9,"d":2,"f":1,"g":0,"t":5,"s":false,"lp":false,"fp":false,"v":0.0},{"n":"不透明度","m":"ADBE Opacity","i":10,"d":2,"f":1,"g":0,"t":5,"s":false,"lp":false,"fp":false,"v":100.0}]},{"n":"音频","m":"ADBE Audio Group","i":10,"d":1,"f":3,"g":1,"gs":[{"n":"音频电平","m":"ADBE Audio Levels","i":0,"d":2,"f":1,"g":0,"t":4,"s":false,"lp":false,"fp":false,"v":[0.0,0.0]}]}]}}]}],"assets":[{"key":"ak37","ui_key":"","ui_extra":"","name":"a38.jpg","type":1,"num":0,"size":[1478,984],"ui":{"group":1,"index":0,"duration":240,"type":1,"p":[584.0,396.0],"a":[739.0,492.0],"s":[0.244,0.244],"t":1.0,"r":-0.0,"area":[567,275,198,241],"accept":2,"editSize":[1478,984]},"in_point":0.0},{"key":"ak29","ui_key":"","ui_extra":"","name":"a30.png","type":1,"num":0,"size":[490,568],"ui":{"group":1,"index":1,"duration":240,"type":1,"p":[89.0,1195.0],"a":[245.0,284.0],"s":[0.34,0.34],"t":1.0,"r":-0.0,"area":[-45,1107,167,179],"accept":2,"editSize":[490,568]},"in_point":0.0},{"key":"ak25","ui_key":"","ui_extra":"","name":"a26.jpg","type":1,"num":0,"size":[1080,1620],"ui":{"group":1,"index":2,"duration":240,"f":"ui0.png","type":1,"p":[266.0,898.0],"a":[540.0,810.0],"s":[0.288,0.288],"t":1.0,"r":-0.0,"area":[110,682,581,353],"accept":2,"editSize":[1080,1620]},"in_point":0.0},{"key":"ak33","ui_key":"","ui_extra":"","name":"a34.png","type":1,"num":0,"size":[371,324],"ui":{"group":1,"index":3,"duration":240,"type":1,"p":[61.0,597.0],"a":[185.5,162.0],"s":[0.34,0.34],"t":1.0,"r":-0.0,"area":[-2,542,126,143],"accept":2,"editSize":[371,324]},"in_point":0.0},{"key":"ak21","ui_key":"","ui_extra":"","name":"","type":6,"num":0,"size":[569,113],"ui":{"group":1,"index":4,"duration":240,"type":3,"p":[410.0,1241.5],"a":[284.5,56.5],"s":[1.0,1.0],"t":1.0,"r":-0.0,"area":[126,1185,569,113],"default":"咕呱咕呱咕呱","max":100,"font":"AlibabaPuHuiTiR","font_style":"Regular","font_family":"Alibaba PuHuiTi","font_file":"Alibaba-PuHuiTi-Regular.otf","size":31,"line_height":30,"character_space":-47,"apply_fill":true,"fill":"#363636","stroke":"#000000","width":0,"strokeOverFill":false,"align":0,"direction":0,"box_text":true,"adapt":true,"bound":[-284,-55,567,110],"img_start":[-284,-55],"faux_bold":false,"faux_italic":false,"editSize":[569,113]},"in_point":0.0},{"key":"ak11","ui_key":"","ui_extra":"","name":"","type":6,"num":0,"size":[88,27],"ui":{"group":1,"index":5,"duration":240,"type":3,"p":[170.5,1079.0],"a":[44.0,13.5],"s":[1.0,1.0],"t":1.0,"r":-0.0,"area":[12,1045,688,64],"default":"7分钟前","max":100,"font":"AlibabaPuHuiTiM","font_style":"Medium","font_family":"Alibaba PuHuiTi","font_file":"Alibaba-PuHuiTi-Medium.otf","size":26,"line_height":30,"character_space":-47,"apply_fill":true,"fill":"#909090","stroke":"#000000","width":0,"strokeOverFill":false,"align":0,"direction":0,"box_text":false,"img_start":[3,-22],"faux_bold":false,"faux_italic":false,"editSize":[88,27]},"in_point":0.0},{"key":"ak13","ui_key":"","ui_extra":"","name":"","type":6,"num":0,"size":[229,37],"ui":{"group":1,"index":6,"duration":240,"type":3,"p":[240.0,1159.5],"a":[114.5,18.5],"s":[1.0,1.0],"t":1.0,"r":-0.0,"area":[126,1122,572,56],"default":"咕呱","max":100,"font":"AlibabaPuHuiTiB","font_style":"Bold","font_family":"Alibaba PuHuiTi","font_file":"Alibaba-PuHuiTi-Bold.otf","size":31,"line_height":30,"character_space":-47,"apply_fill":true,"fill":"#5c74a0","stroke":"#000000","width":0,"strokeOverFill":false,"align":0,"direction":0,"box_text":true,"adapt":true,"bound":[-46,-17,228,34],"img_start":[-46,-17],"faux_bold":false,"faux_italic":false,"editSize":[229,37]},"in_point":0.0},{"key":"ak15","ui_key":"","ui_extra":"","name":"","type":6,"num":0,"size":[141,37],"ui":{"group":1,"index":7,"duration":240,"type":3,"p":[196.0,573.5],"a":[70.5,18.5],"s":[1.0,1.0],"t":1.0,"r":-0.0,"area":[126,518,587,74],"default":"草莓酱","max":100,"font":"AlibabaPuHuiTiB","font_style":"Bold","font_family":"Alibaba PuHuiTi","font_file":"Alibaba-PuHuiTi-Bold.otf","size":31,"line_height":30,"character_space":-47,"apply_fill":true,"fill":"#5c74a0","stroke":"#000000","width":0,"strokeOverFill":false,"align":0,"direction":0,"box_text":true,"adapt":true,"bound":[-46,-17,140,34],"img_start":[-46,-17],"faux_bold":false,"faux_italic":false,"editSize":[141,37]},"in_point":0.0},{"key":"ak19","ui_key":"","ui_extra":"","name":"","type":6,"num":0,"size":[457,73],"ui":{"group":1,"index":8,"duration":240,"type":3,"p":[354.0,645.5],"a":[228.5,36.5],"s":[1.0,1.0],"t":1.0,"r":-0.0,"area":[126,599,593,78],"default":"七夕节喜提小包包一个","max":100,"font":"AlibabaPuHuiTiR","font_style":"Regular","font_family":"Alibaba PuHuiTi","font_file":"Alibaba-PuHuiTi-Regular.otf","size":31,"line_height":30,"character_space":-47,"apply_fill":true,"fill":"#363636","stroke":"#000000","width":0,"strokeOverFill":false,"align":0,"direction":0,"box_text":true,"adapt":true,"bound":[-284,-55,455,70],"img_start":[-284,-55],"faux_bold":false,"faux_italic":false,"editSize":[457,73]},"in_point":0.0},{"key":"ak17","ui_key":"","ui_extra":"","name":"","type":6,"num":0,"size":[189,37],"ui":{"group":1,"index":9,"duration":240,"type":3,"p":[469.5,341.5],"a":[94.5,18.5],"s":[1.0,1.0],"t":1.0,"r":-0.0,"area":[304,306,263,105],"default":"视晓杏","max":100,"font":"AlibabaPuHuiTiB","font_style":"Bold","font_family":"Alibaba PuHuiTi","font_file":"Alibaba-PuHuiTi-Bold.otf","size":31,"line_height":30,"character_space":-47,"apply_fill":true,"fill":"#ffffff","stroke":"#000000","width":0,"strokeOverFill":false,"align":2,"direction":0,"box_text":true,"adapt":true,"bound":[-94,-17,188,34],"img_start":[-94,-17],"faux_bold":false,"faux_italic":false,"editSize":[189,37]},"in_point":0.0},{"key":"ak41","ui_key":"","ui_extra":"","name":"a42.png","type":1,"num":0,"size":[1079,720],"ui":{"group":2,"index":0,"duration":240,"f":"ui1.png","type":1,"p":[360.0,176.0],"a":[539.5,360.0],"s":[0.766,0.766],"t":1.0,"r":-0.0,"area":[-53,-100,827,552],"accept":2,"editSize":[1079,720]},"in_point":0.0},{"key":"ak9","ui_key":"","ui_extra":"","name":"a10.mp4","type":1,"num":0,"size":[720,1280]},{"key":"ak7","ui_key":"","ui_extra":"","name":"a8.mp4","type":1,"num":0,"size":[720,1280]},{"key":"ak6","ui_key":"","ui_extra":"","name":"462","type":3,"num":0,"size":[720,1280]},{"key":"ak5","ui_key":"","ui_extra":"","name":"322","type":3,"num":0,"size":[720,1280]},{"key":"ak44","ui_key":"","ui_extra":"","name":"a45.mp3","fps":30,"type":1,"num":0,"size":[0,0]},{"key":"ak43","ui_key":"","ui_extra":"","name":"#ffffff","type":4,"num":0,"size":[720,1280]},{"key":"ak39","ui_key":"","ui_extra":"","name":"a40.png","type":1,"num":0,"size":[720,1280]},{"key":"ak35","ui_key":"","ui_extra":"","name":"a36.png","type":1,"num":0,"size":[720,1280]},{"key":"ak31","ui_key":"","ui_extra":"","name":"a32.png","type":1,"num":0,"size":[720,1280]},{"key":"ak27","ui_key":"","ui_extra":"","name":"a28.png","type":1,"num":0,"size":[720,1280]},{"key":"ak23","ui_key":"","ui_extra":"","name":"a24.png","type":1,"num":0,"size":[720,1280]},{"key":"ak3","ui_key":"","ui_extra":"","name":"a4.mp4","type":1,"num":0,"size":[720,1280]},{"key":"ak1","ui_key":"","ui_extra":"","name":"a2.mp4","type":1,"num":0,"size":[720,1280]},{"key":"ak0","ui_key":"","ui_extra":"","name":"406","type":3,"num":0,"size":[720,1280]}],"ui_group":[{"size":[720,1280],"v":false},{"size":[720,1280],"v":false}]}