{"fps":30.0,"duration":240,"text_property":{"default":"咕呱咕呱咕呱","max":100,"adapt":true,"font":"AlibabaPuHuiTiR","font_style":"Regular","font_family":"Alibaba PuHuiTi","font_file":"Alibaba-PuHuiTi-Regular.otf","size":31,"line_height":30,"character_space":-47,"apply_fill":true,"fill":"#363636","stroke":"#000000","width":0.0,"strokeOverFill":false,"align":0,"direction":0,"faux_bold":false,"faux_italic":false,"box_text":1,"editSize":[-284,-55,567,110]},"document":{"index":0,"value":[{"index":0,"value":"咕呱咕呱咕呱"}]},"animator":[]}