{"fps":30.0,"duration":240,"text_property":{"default":"视晓杏","max":100,"adapt":true,"font":"AlibabaPuHuiTiB","font_style":"Bold","font_family":"Alibaba PuHuiTi","font_file":"Alibaba-PuHuiTi-Bold.otf","size":31,"line_height":30,"character_space":-47,"apply_fill":true,"fill":"#ffffff","stroke":"#000000","width":0.0,"strokeOverFill":false,"align":2,"direction":0,"faux_bold":false,"faux_italic":false,"box_text":1,"editSize":[-94,-17,188,34]},"document":{"index":0,"value":[{"index":0,"value":"视晓杏"}]},"animator":[]}