{"fps":30.0,"duration":240,"text_property":{"default":"7分钟前","max":100,"adapt":true,"font":"AlibabaPuHuiTiM","font_style":"Medium","font_family":"Alibaba PuHuiTi","font_file":"Alibaba-PuHuiTi-Medium.otf","size":26,"line_height":30,"character_space":-47,"apply_fill":true,"fill":"#909090","stroke":"#000000","width":0.0,"strokeOverFill":false,"align":0,"direction":0,"faux_bold":false,"faux_italic":false,"box_text":0,"editSize":[0,0,-1,-1]},"document":{"index":0,"value":[{"index":0,"value":"7分钟前"}]},"animator":[]}